nome,url,preco_inicial
FOGÃO,https://www.amazon.com.br/dp/B0DJWPM46K,703.00
MESA + CADEIRA (4 lugares),https://www.amazon.com.br/dp/B0D2Y15GZV,449.99
KIT PORTA MANTIMENTOS,https://www.amazon.com.br/dp/B0HFBF1WDP,86.90
Microondas,https://www.amazon.com.br/dp/B097CJVNWS,450.00
LIQUIDIFICADOR,https://www.amazon.com.br/dp/B08DFJRCJB,170.00
ARMÁRIO (LOUÇAS C/ FRUTEIRA),https://www.amazon.com.br/dp/B0792QPD52,314.99
ARMÁRIO (DISPENSA),https://www.amazon.com.br/dp/B0GJG66SG5,278.99
CAFETEIRA ITALIANA,https://www.amazon.com.br/dp/B0GV1HDV4S,42.90
ESCORREDOR DE LOUÇA,https://www.amazon.com.br/dp/B0F1DRGDMN,56.89
JOGO DE PANELAS,https://www.amazon.com.br/dp/B0FTZXMVND,489.00
PANELA DE PRESSÃO,https://www.amazon.com.br/dp/B0DDMD6JBB,172.80
PRATOS,https://www.amazon.com.br/dp/B0H62SX68Y,48.00
BOWLS,https://www.amazon.com.br/dp/B0GKW99CCR,42.00
FORMAS,https://www.amazon.com.br/dp/B0CFYRRWVL,95.00
TALHERES,https://www.amazon.com.br/dp/B08CL4QMRC,40.00
ESPATULAS ETC SILICONE,https://www.amazon.com.br/dp/B0DXBWV6BW,37.00
FACAS,https://www.amazon.com.br/dp/B09XFD2YMF,33.00
RALADOR,https://www.amazon.com.br/dp/B0DG5ZTRFS,19.00
PANO DE PRATO,https://www.amazon.com.br/dp/B0CH3QXD8V,42.00
TÁBUA DE CORTE,https://www.amazon.com.br/dp/B0GWFR6484,36.00
RODO DE PIA,https://www.amazon.com.br/dp/B0C2HZ8FJ2,7.00
LIXEIRA PIA,https://www.amazon.com.br/dp/B076B95YMM,50.00
"4 ORGANIZADOR DE GELADEIRA 2,2 L",https://www.amazon.com.br/dp/B0BLZR6JFJ,90.23
3 ORGANIZADOR DE GELADEIRA SORT,https://www.amazon.com.br/dp/B0HBRZLJPM,35.90
4 POTES 55ML,https://www.amazon.com.br/dp/B0HCR2VVSB,14.30
10 POTES 800 ML,https://www.amazon.com.br/dp/B0F155QKNZ,35.89
5 POTES SORTIDOS,https://www.amazon.com.br/dp/B0FY5JTKDT,59.90
BEBEDOURO,https://www.amazon.com.br/dp/B07734SYSK,721.00
TIGELA LARANJA 2x,https://www.amazon.com.br/dp/B0G7MRY17D,80.00
Mouse,https://www.amazon.com.br/dp/B087CT8PWY,102.00
MousePad,https://www.amazon.com.br/dp/B0BDP2K7DS,50.00
Monitor,https://www.amazon.com.br/dp/B0F1C49115,535.00
TRAVESSEIROS,https://www.amazon.com.br/dp/B0FC3474W1,60.84
JOGO 4 TOALHAS,https://www.amazon.com.br/dp/B0BVX3FC59,156.65
LIXEIRO 2x,https://www.amazon.com.br/dp/B076B95YMM,100.00
STEAM DECK,https://www.amazon.com.br/dp/B0CQ3L4726,7500.00
DOCKER P/ STEAM DECK,https://www.amazon.com.br/dp/B0GTTRXJVB,165.00
CORTINA BLACKOUT (220 X 130),https://www.amazon.com.br/dp/B08HJGHQQG,47.00
SUPORTE PARA RODO VASSOURA,https://www.amazon.com.br/dp/B0DXVV73ZW,34.00
MOP,https://www.amazon.com.br/dp/B0771PZHJZ,110.00
MÁQUINA LAVA E SECA,https://www.amazon.com.br/dp/B0D3RXG7FC,4000.00
CAIXA DE FERRAMENTAS,https://www.amazon.com.br/dp/B0BBJPCMQM,100.00
LAMPADAS,https://www.amazon.com.br/dp/B081DF48B8,108.00
LIXEIRA GERAL,https://www.amazon.com.br/dp/B09YDLC69D,85.00
Escorredor de Louça (copos),https://www.amazon.com.br/Escorredor-Lou%C3%A7a-Andares-Talheres-Organizador/dp/B0HCZGXBRG/?_encoding=UTF8&pd_rd_w=8PDys&content-id=amzn1.sym.761077be-03f4-471e-82eb-e510d48b59aa&pf_rd_p=761077be-03f4-471e-82eb-e510d48b59aa&pf_rd_r=AKHPFJ61WFMXT981W8TM&pd_rd_wg=wMvxF&pd_rd_r=66d113da-7ae1-4cbd-a85b-1fe124ad6680&ref_=pd_hp_d_r_atf_mtech-exp-p13ndeals,94.00
suporte monitor (notebook),https://www.amazon.com.br/Suporte-Articulado-Notebook-CS13-Polegadas/dp/B0H3XVK7W9/ref=pd_rhf_gw_s_pd_sbs_rvi_d_sccl_1_4/141-3412294-0617367?pd_rd_w=54wmB&content-id=amzn1.sym.549405bf-70e5-4bf7-9e8c-4c06fbb86a63&pf_rd_p=549405bf-70e5-4bf7-9e8c-4c06fbb86a63&pf_rd_r=B554X832C674X2S7GXPH&pd_rd_wg=mLV1C&pd_rd_r=bd410407-c5e9-404b-ac5a-5af8907c85c3&pd_rd_i=B0H3XVK7W9&psc=1,184.00
Espelho com armario banheiro,https://www.amazon.com.br/Armario-Espelheira-Banheiro-Cle%C3%B3patra-Flexcollor/dp/B0D6RZK3GR/ref=sr_1_17?dib=eyJ2IjoiMSJ9.lBOnjOo0NT2RJ70JeJSllylKgrNlya6ebU5b4WrWGpRuh0Ei3Jg18_QICNFxY82gIO0Gzs1NatYG7zPJjQ6umnPTR1UJHsyGp2yNlOZB1KTNdsB1nILrSvki08-vVGaE0188wIYb5pRHRbS5-XKe7lL8XsEZahbxbQwIg4Wlj-Vvgd887En39I_oEqef9dcVf6-KCoqZ0u9x3gf2wns_hHbRSc4TAGiVBF04ucxIs2YOp8v51vAlibQJsOWx9-KDF7iNRV9P3en5uxnjceC_jZI0Ye6RzOeiSm0UDlbkeC0.vB2QMsEQ4ecca3uPMXdCJ0P47jUhc7mDuWXqN1jMHvE&dib_tag=se&keywords=espelho%2Bbanheiro&qid=1790536427&sr=8-17&ufe=app_do%3Aamzn1.fos.db68964d-7c0e-4bb2-a95c-e5cb9e32eb12&th=1,142.00
Espelho banheiro,https://www.amazon.com.br/Decorativo-Retangular-Ladipado-Espessura-Instala%C3%A7%C3%A3o/dp/B0DJWGPTWJ/ref=sr_1_11?dib=eyJ2IjoiMSJ9.rvnC98VdL3FiyukTaymIyddfql5Ma2ptfT0ESF021_muIO0MFk4S0w3cS_LKULDBZMjYgClbV0i2BELT4QRdFF8vjda2NZpeCGVxPuJi9RoDOODg3MG-mF5hXgS8PeV84m4gRHxHQAsV9pih1NRojsch-FsmYd2bkUjrOPDRwvJvgd887En39I_oEqef9dcVf6-KCoqZ0u9x3gf2wns_hARxt2ci1uamFh0fet3f5GCDmYbEcwX3_d8d_YJGtXrqfBPBTNK_OBLrYdZLaRp2K7b2UUcyv9CnEv_lUKoYiOw.UU3k1BI4h7TyDknFJw6Riizjkb9rWtOAD6G9jgiZ8nc&dib_tag=se&keywords=espelho+banheiro&qid=1790536737&sr=8-11&ufe=app_do%3Aamzn1.fos.6d798eae-cadf-45de-946a-f477d47705b9,64.00
CORTINA GRANDE SALA (VERDE),https://www.amazon.com.br/Cortina-Solaris-Blackout-Tecido-Cromado/dp/B0BNLYB93L/ref=sr_1_3_sspa?crid=1AMF018AUK997&dib=eyJ2IjoiMSJ9.Stc4bv4Xx2XPjdpZthyxb1FDaYGBUxaZ-wCJ88BSbrECCAkrEquEtsurkFeK8BpaJB6I03RX0DzmjbZqAgw4FHaqKFbh9yfWdERSROzrpDysZJ5FL-fsuox9Kvx49m9As0rx3E7Zv4JLWiAbyu5OJK0aC5wdB4PHIkjS0iH-CO-oTHK0yohQ1sBfWA-iRLHQipPVIbmT7-xRP0kZest3mACvDnpe7sYbNQ0g0zQj98F9MNVY6-SgNd67OhqRM1tppr9VpL9Hy_nUyHPhg4ap0w1XzbrzO9Ejyd-g67LuIMQ.hZ8y0eL6Mm0V_ceo6i1xPk9hGNaMcZBm-Me63_UMD8I&dib_tag=se&keywords=cortina%2Bblackout%2Bquarto&qid=1790990058&sprefix=cortina%2B%2Caps%2C290&sr=8-3-spons&ufe=app_do%3Aamzn1.fos.6a09f7ec-d911-4889-ad70-de8dd83c8a74&sp_csd=d2lkZ2V0TmFtZT1zcF9hdGY&th=1,137.00
VARAL DE CHÃO 3 ANDARES,https://www.amazon.com.br/Dobr%C3%A1vel-Regul%C3%A1vel-Retr%C3%A1til-Rodinhas-Compacto/dp/B0CVNK6PDX/ref=sr_1_5?__mk_pt_BR=%C3%85M%C3%85%C5%BD%C3%95%C3%91&crid=3Q4DBM3D4EFC1&dib=eyJ2IjoiMSJ9.WgHpd4adtOyzIb8E0cGbKy7W4TtdhPN39p-NYd6lsWH_uMIwADFY2XQuRTsLV6Lr1RyNSo-domzCQpdq9JncgJ_Pv7ZyDxFM-1bCXhONpoDmShXF8J4ozSGG5DF1cHuJCWeB0yqiQO1DhpO3jTEwVpqoKH0ocpS43Fxv-ofNvwo9br5OWmTWkjhR-6vOxwGy0cLkhI-taYXosUT0nJOeo37k1nrX_DdImwFASpMHlVCM6cEDkZVIJwk2NEX1Zboy4c0gVb_KzhA10Iq10z7l1Q_H6AYHyvr8td-c6FDEd10.NYB1cj0Jp4s2A_X1NOdSPzML290xNXPY6LDRlWRhX84&dib_tag=se&keywords=varal&qid=1790990206&sprefix=varal%2Caps%2C277&sr=8-5&ufe=app_do%3Aamzn1.fos.6d798eae-cadf-45de-946a-f477d47705b9&th=1,69.00
MESA REDONDA MADEIRA 4,https://www.amazon.com.br/Colonial-Cl%C3%A1ssico-Redonda-Cadeiras-Cozinha/dp/B0FC88SRYD/ref=sr_1_9?crid=99CPLITVVVBX&dib=eyJ2IjoiMSJ9.Q63qrBSeseeKSk1FlNW2HnQmIRWfZtXGvMZ61_Qjby2wctdpvyqGN5sORUhNk3QJbcmmHxsqa3ftbj-Ki31l1ljYUp88_reL9wj_pUIhhqnhDo-hj7xWw55eBTV-6huW2d_bR9VZMxhnOYRcHhd_rK36cpbQS-xzHgmpT966mMWWGVwe4aE75dySaYleuYrOTPpVh_D6Fwke16N4RFw1BNnhxeHIv2LXB8PLYcklTmtowE7_aF15Wlj1kW--mQfZYL3DPiNyPPrs5bs9WdOjsseet1B5rN1iZwEePIKjV5Q.D1izz62wfwPCl9p9tegPClDgNJOgIu7rRh3MhbPE3FU&dib_tag=se&keywords=mesa+redonda+com+4+cadeiras&qid=1790990803&sprefix=mesa+redonda%2Caps%2C334&sr=8-9&ufe=app_do%3Aamzn1.fos.95de73c3-5dda-43a7-bd1f-63af03b14751,1134.00
POTE HERMETICO SALADA,https://a.co/d/0blwvmNw,33.00
Suporte louça suspenso,https://www.amazon.com.br/gp/aw/d/B0FCQDBM5T?pd_rd_plhdr=t&hsa_cr_id=0&qid=1791043574&sr=1-4-5a5562f9-fdfd-4101-9f9d-d76aa9998432&i=aps&aref=gbkbf38jtu&_encoding=UTF8&ref_=sbx__sbtcd2_asin_3_title&pf_rd_p=bb10c66f-26e4-41d6-a327-292482af8dc5&pf_rd_r=GBD4HJXX6HD5SSVK49DN&pd_rd_wg=6KBGA&pd_rd_w=FGt5I&content-id=amzn1.sym.bb10c66f-26e4-41d6-a327-292482af8dc5%3Aamzn1.sym.bb10c66f-26e4-41d6-a327-292482af8dc5&pd_rd_r=ed670286-f4fe-4980-829a-732ae1ad785a&th=1,163.00
